{
 "address": "1CQTfYmebR1bP75PCUata417NffWyL6AXf",
 "description": "",
 "files": {
  "contacts.html": {
   "sha512": "b1eab5f10aec4c1280b913d04d1912547ab121adc628b74f7078acd1d1bd875d",
   "size": 13740
  },
  "css/animate.min.css": {
   "sha512": "fd6ae650673343fd6e691d3f2af1e7ef8eb01558c50ad161950ee459541d4736",
   "size": 52790
  },
  "css/bootstrap.min.css": {
   "sha512": "2fb945eed8476b5aaec35b6000be386ee7c4f1222dd6cea7beaacafd60e264bf",
   "size": 121260
  },
  "css/custom.css": {
   "sha512": "5fbddb6c048d2a1cbf010a8df010a0458e137b9e6a29bdddb0a859e298300045",
   "size": 114163
  },
  "css/icheck/flat/Thumbs.db": {
   "sha512": "61757fad9ca3e42e6ec98c22089705ec81d5164b593b19ff2092fc9ce323d469",
   "size": 19968
  },
  "css/icheck/flat/_all.css": {
   "sha512": "c72d317f0fc1a450e6b6d61b746704b9b4415427de4dc88f0cab58edb0667eff",
   "size": 12513
  },
  "css/icheck/flat/aero.css": {
   "sha512": "62bd63540e56d8d70c30746eec8fb3b08c0e944277afa3d458dbb13c37c204ec",
   "size": 1302
  },
  "css/icheck/flat/aero.png": {
   "sha512": "e535a494e84d49682e73c9473730c59e0e9abd0063d003ca3e915b53156af9e0",
   "size": 1520
  },
  "css/icheck/flat/aero@2x.png": {
   "sha512": "eadedc2968a8e872764d9e0aa1b475931054963a3627ed5da01f1d927d013247",
   "size": 3218
  },
  "css/icheck/flat/blue.css": {
   "sha512": "298ea327819685c033224b30e47ef5c6ef000b32169b3148a5876c927857e1eb",
   "size": 1302
  },
  "css/icheck/flat/blue.png": {
   "sha512": "b8207bcde197b823d1c6c8066afbe32f34e12b457f350d88c6851e169fe1788f",
   "size": 1518
  },
  "css/icheck/flat/blue@2x.png": {
   "sha512": "0402644c2cd7134843edb62e327ed082367fb84d131e1461016d69a742b0cbc8",
   "size": 3217
  },
  "css/icheck/flat/flat.css": {
   "sha512": "277c34683acc1f83b746eec5cb9f79816c5a358d8edda2e59aa108754b21072e",
   "size": 1243
  },
  "css/icheck/flat/flat.png": {
   "sha512": "38f24b282b08cbbe4c5b22f737d26c4c059ca92e085d10fe96901d63cf353e3c",
   "size": 1515
  },
  "css/icheck/flat/flat@2x.png": {
   "sha512": "1ede09bdbec35a6fc3e75a1cd1c4321955def817aa4a219ba30e48068664e221",
   "size": 3217
  },
  "css/icheck/flat/green.css": {
   "sha512": "c27b85f2d0d471547b4304f8d61f4c5c517e0fb688062d157abee6640d58c169",
   "size": 1317
  },
  "css/icheck/flat/green.png": {
   "sha512": "ca38e77dd58a0ecc94bffa0eab42166824abc0c7a5d123f3de53d03f27a7e14d",
   "size": 30033
  },
  "css/icheck/flat/green@2x.png": {
   "sha512": "08325d5e39c82125f55ab8c6f58ae1c1b8dc2fc975af737c01db20a5abf86164",
   "size": 76519
  },
  "css/icheck/flat/grey.css": {
   "sha512": "20515c04336dea415f042a5f5dc64082fa92be4e39967bace8e43de42e4e1671",
   "size": 1302
  },
  "css/icheck/flat/grey.png": {
   "sha512": "2381d4a8fccc0ea48a524b5e3f20516c9729f6061135ec2ad74ff274337690f4",
   "size": 1516
  },
  "css/icheck/flat/grey@2x.png": {
   "sha512": "63a59352fd60cd370af829b8a478966074e4bcda4d608c96955efe2fc3f385a4",
   "size": 3217
  },
  "css/icheck/flat/orange.css": {
   "sha512": "144526f261eae863e737852a272bc503c8b2f13f815b13c317ebec536f7988ec",
   "size": 1332
  },
  "css/icheck/flat/orange.png": {
   "sha512": "500d7c79db4afddc9faae095353d0ca07badcb6d58ab57ad7ea637684d253fdd",
   "size": 1518
  },
  "css/icheck/flat/orange@2x.png": {
   "sha512": "c7793a6ea45788132d941bb52dd3dc49db59e21d96fab219cf95d84b3e60206c",
   "size": 3275
  },
  "css/icheck/flat/pink.css": {
   "sha512": "fd2e32d0203b1e77e0df15001b577ac5997d9dee455413f8e59886362b4d2b44",
   "size": 1302
  },
  "css/icheck/flat/pink.png": {
   "sha512": "55a6c63fc9dca3d1df8b33844832a77649affa7e550919e2fa2de4ccc0aa78a1",
   "size": 1522
  },
  "css/icheck/flat/pink@2x.png": {
   "sha512": "06fafedfe263d3a6ff8fbcd796b3d37e914144ee698bc1b70f51a3ad27e21395",
   "size": 3218
  },
  "css/icheck/flat/purple.css": {
   "sha512": "b5b3bfefacafb12de62cd591622ef83f90e72e6c5c49f58eb3b214494634745f",
   "size": 1332
  },
  "css/icheck/flat/purple.png": {
   "sha512": "d96e03c3635cda69519911c8ede018b89b4d349ba37ebb304f6d240aaf837c22",
   "size": 1519
  },
  "css/icheck/flat/purple@2x.png": {
   "sha512": "a0b47a193e74908686a83f6f0f23099b4caed251335e8b6d01e9127c96218574",
   "size": 3218
  },
  "css/icheck/flat/red.css": {
   "sha512": "0bf3b617d26b9a073ed248bf8f37f84d0b351198f167ec9ec472339d50f81c55",
   "size": 1287
  },
  "css/icheck/flat/red.png": {
   "sha512": "0bebcaef4226c0d50393047928cb96a3b044bff39d6a1c9842faab9cd6c75814",
   "size": 1516
  },
  "css/icheck/flat/red@2x.png": {
   "sha512": "61d8e91a2c2081cc23b7a3655421f8a9b0a798cffd6a504e4f951b038fa99ce6",
   "size": 3276
  },
  "css/icheck/flat/yellow.css": {
   "sha512": "f1e368bd85dabf4fa373a3095b352d19d1c41c668f8b56f0003fa40f0eba568c",
   "size": 1332
  },
  "css/icheck/flat/yellow.png": {
   "sha512": "1bbfabf74cdae20b339544d72bfb59b76bd8a8c3d998b6d70e31f2517eb77510",
   "size": 1516
  },
  "css/icheck/flat/yellow@2x.png": {
   "sha512": "bcb80b8afdadf47c32583574a162da11e5f026d24457e56b629498eb26fd77e4",
   "size": 3216
  },
  "css/odometer-theme-default.css": {
   "sha512": "b095a531ea63613d2a06fad0f55097e9774d38975a1893446ecf08754e579ee5",
   "size": 4083
  },
  "fonts/css/font-awesome.css": {
   "sha512": "11a6a5760819b780cf28c6016b5e37bf15d0a8bab92c4dbd0c6ff43a855e9e8c",
   "size": 33233
  },
  "fonts/css/font-awesome.min.css": {
   "sha512": "f8be32cba15170319b5c9f663c6f0c4ffdd4083cf047d80f7b214d302b489eca",
   "size": 27466
  },
  "fonts/fonts/FontAwesome.otf": {
   "sha512": "4c46571059f4e4cbe17afd1a046ef21f151f0776624ad04a108b67225cc24703",
   "size": 109688
  },
  "fonts/fonts/fontawesome-webfont.eot": {
   "sha512": "47f19282f19cfc7a40a31c6af428f100c7011167858b46b415556fd9b65d48da",
   "size": 70807
  },
  "fonts/fonts/fontawesome-webfont.svg": {
   "sha512": "e13afecebf1c4519f325a589d0ec953c4b4e9418dc259e98496282ea7ee9b3c5",
   "size": 365616
  },
  "fonts/fonts/fontawesome-webfont.ttf": {
   "sha512": "94a693ab2ce3c59f7a1d35b4bcc0fd08322dad24ce84203060ceceaf3dac44c4",
   "size": 142072
  },
  "fonts/fonts/fontawesome-webfont.woff": {
   "sha512": "0b9bdac9f99cc9f9e95039213f6c265a39f53f880792015b43b224661f253da9",
   "size": 83588
  },
  "fonts/fonts/fontawesome-webfont.woff2": {
   "sha512": "17222f02957b3335849e3fe277b17c21c4aaf0c76cd3da01a4ca39c035629695",
   "size": 66624
  },
  "fonts/glyphicons-halflings-regular.eot": {
   "sha512": "efc910c96b9f5c58ea11a84577cf60ae995503b1ee670bb7e7d4a413b7403769",
   "size": 20127
  },
  "fonts/glyphicons-halflings-regular.svg": {
   "sha512": "c2e77eab327af1469097c31bc0daf820c066b0222059d8ff0ecebca974b62b75",
   "size": 108738
  },
  "fonts/glyphicons-halflings-regular.ttf": {
   "sha512": "2b066e06506ef20d69698d37cdec552176ef3f64a1151a99a1d02d72d39ce12c",
   "size": 45404
  },
  "fonts/glyphicons-halflings-regular.woff": {
   "sha512": "f5366ab255afefe3fe06150e8509e776b5618ff50fe3e0fa8e4d715d645b1e44",
   "size": 23424
  },
  "fonts/glyphicons-halflings-regular.woff2": {
   "sha512": "3811804f56ec3c82f0bef35de0a9250e546a1e357fb59e2784f610d638fec355",
   "size": 18028
  },
  "fonts/less/animated.less": {
   "sha512": "285de8b339ae691c8c95230462b8760949850ecbd1a4f8b98b0f85347f1187ca",
   "size": 713
  },
  "fonts/less/bordered-pulled.less": {
   "sha512": "666a33697b525aa25d773c94360b96dd6ff833dedf99178af931b040aa93239c",
   "size": 585
  },
  "fonts/less/core.less": {
   "sha512": "88b310200bdd13129f343e8f9b581e3a376fd5aec4c7a604815101774d31ca3f",
   "size": 452
  },
  "fonts/less/fixed-width.less": {
   "sha512": "b7bf0de65815043012e95e8b1bac895e85c9a07c047c99ba4f5c132a00ace5ae",
   "size": 119
  },
  "fonts/less/font-awesome.less": {
   "sha512": "e4e4e36f349e9cc0c6aecaac8ffbf8339ddd05c64ae3d3109f19783ea94a04b2",
   "size": 465
  },
  "fonts/less/icons.less": {
   "sha512": "36681dab950c4f3a370a5fb9c327a06e54e56aed8d690561850e1dbb7de6646d",
   "size": 43859
  },
  "fonts/less/larger.less": {
   "sha512": "5ba01d3b3c917dfcc0bf20a283397e677d420addb83c74d29f81d77658105c8d",
   "size": 370
  },
  "fonts/less/list.less": {
   "sha512": "a13c48c3ab87469b5e720287f5f1720f0588bb45a0700968879cbba7ba008d07",
   "size": 377
  },
  "fonts/less/mixins.less": {
   "sha512": "365476ecd1a9bcb0f10172c01fe855bbcb2aa03b67ff670d76e352ab880ac860",
   "size": 926
  },
  "fonts/less/path.less": {
   "sha512": "5aedb307ec6cf9bb8f83a5654f6da30274e510640f3731415145d3669ebb7650",
   "size": 770
  },
  "fonts/less/rotated-flipped.less": {
   "sha512": "a906cde529bac0abc118201866c6e81ceed53ea5859795ebe87e52e1d04f1c32",
   "size": 622
  },
  "fonts/less/spinning.less": {
   "sha512": "fd2dfd61dd8148214252fb9b33158d383aa6a4888d5db1bfdc3edc679674b6d2",
   "size": 582
  },
  "fonts/less/stacked.less": {
   "sha512": "0f07e1507d430c8ade9cbf2460c8148d69fdce6b5b7c659247953e0e0235c512",
   "size": 476
  },
  "fonts/less/variables.less": {
   "sha512": "4a9e14d4ac1f9f1e0b741cefc0c98e763b81abb3360f8fbe08c1d7d3261ecdac",
   "size": 19778
  },
  "fonts/scss/_animated.scss": {
   "sha512": "5d8be64ce5136d02dcc2dc38341491c2cafca5633a8bbcf6bc6931da2ec95e2e",
   "size": 715
  },
  "fonts/scss/_bordered-pulled.scss": {
   "sha512": "01095953afd37d399f8715168a67a2e60c23623f3ead4eb4360f8800e30cb957",
   "size": 592
  },
  "fonts/scss/_core.scss": {
   "sha512": "78b807ddc8ac17eebfd4f59eb923a7f8bac8e7b76bc83985d593382b1964f1d9",
   "size": 459
  },
  "fonts/scss/_fixed-width.scss": {
   "sha512": "27392694f9bd1a671cd21517721a86c24725c51fcad4acaf09cb75a9e36bea34",
   "size": 120
  },
  "fonts/scss/_icons.scss": {
   "sha512": "e8d5d9c9093cd0b2ef0f9d9ea5ca8cc8de98c7cfcaca7e9d269be23d7bfa703f",
   "size": 44553
  },
  "fonts/scss/_larger.scss": {
   "sha512": "ed6e63e7cdc9bae34810146c3dfd52b912f7b20219555994249f6f3dbd528673",
   "size": 375
  },
  "fonts/scss/_list.scss": {
   "sha512": "d8b110a513c41ba8a00620143aa01b2bca59f21306b64e96cb82e4739ea88bed",
   "size": 378
  },
  "fonts/scss/_mixins.scss": {
   "sha512": "d1b8762d284b021502fbaf52ed48a0b2f84149dae1bf7b21468a75cf9c628db5",
   "size": 946
  },
  "fonts/scss/_path.scss": {
   "sha512": "9eaa7d29bb402c790bf1ad40ee849e26743d198bff3cfce0182c2320afd9d47f",
   "size": 783
  },
  "fonts/scss/_rotated-flipped.scss": {
   "sha512": "89a2a4009628540c88c9375c7f04bade6bb9b901575c12fe22d0031c10011f4c",
   "size": 672
  },
  "fonts/scss/_spinning.scss": {
   "sha512": "0fb5466cf27a0d8f4a21ab14b27c62431dbee2f587932a0f77060b956c3cb861",
   "size": 583
  },
  "fonts/scss/_stacked.scss": {
   "sha512": "25492b5ff68a6d2c8f9ddcebbea75b1f14a7f47d599bea5d75e1f5fabdb5e3d4",
   "size": 482
  },
  "fonts/scss/_variables.scss": {
   "sha512": "b86626ea361115c6705283854f0065a03f8e71051cf641e9650ebf57ea74fc34",
   "size": 19859
  },
  "fonts/scss/font-awesome.scss": {
   "sha512": "a64a2878822db68ce3b087bdc73a45d6d8afb5f830fb5907829f3e2524f3a98e",
   "size": 405
  },
  "home.html": {
   "sha512": "72307b2915a53844d239aa30a88477d1f82038ee7669c7557f7d635d6bea9541",
   "size": 24902
  },
  "img/picture.jpg": {
   "sha512": "8bab7785951d0d068e47e379ed0ff378632f9b1aa31b8bec792d76a94982b823",
   "size": 22837
  },
  "img/user.png": {
   "sha512": "c85304d65e2b5a6c91cb93270f1b826a34a46b057955875cf029d18ea6f5ca25",
   "size": 135178
  },
  "index.html": {
   "sha512": "3c63065b9c274d58f5965ea9eaad9695ac95758e302a1feb37a057583d9c654c",
   "size": 5621
  },
  "js/bootstrap.min.js": {
   "sha512": "d9ef2aab411371f5912381c9073422037528c8593ab5b3721bea926880592f25",
   "size": 36868
  },
  "js/custom.js": {
   "sha512": "982725ab3a97a21099db229866fbd3bfc59fe806000ab45d1b1818e725fd41b1",
   "size": 11394
  },
  "js/datatables/buttons.bootstrap.min.css": {
   "sha512": "170cf3d4e6b03874935be70a1cbaca0ef07481e8334b1e9769f8c0ea71d0751d",
   "size": 1735
  },
  "js/datatables/buttons.bootstrap.min.js": {
   "sha512": "619682d99758da78101953e657a1e692c31ebbcd2df74e3dffa25aaf409e76b8",
   "size": 941
  },
  "js/datatables/buttons.html5.min.js": {
   "sha512": "b8bec07fe86a1d8b628818c810c092ebb258c4d6146795877416c4a11d968fc7",
   "size": 11327
  },
  "js/datatables/buttons.print.min.js": {
   "sha512": "4d3cbad372d6cd0b16583610c417ba0ce86ab6d0ad34efb9da953afd9983babe",
   "size": 1682
  },
  "js/datatables/dataTables.bootstrap.js": {
   "sha512": "55847d644b3ece8be8c250a866debc6913178ffef2a110a8b1f9b77bcdc8457b",
   "size": 1962
  },
  "js/datatables/dataTables.buttons.min.js": {
   "sha512": "7e9462ca0a384da60d4f35648d0f1d7f72c8bf405a2860e561a2dcd9395f267c",
   "size": 16075
  },
  "js/datatables/dataTables.fixedHeader.min.js": {
   "sha512": "a3d885d74dc67417ca66e57451f3cd95efd7892e752e84d54a52fa9867fae275",
   "size": 6337
  },
  "js/datatables/dataTables.keyTable.min.js": {
   "sha512": "5a6b02e70dfde271c1051c4d93bfcae5c703a21cdfefedb2a8d0a3114fb30f40",
   "size": 7032
  },
  "js/datatables/dataTables.responsive.min.js": {
   "sha512": "6c0f8547ad5810186a3c50e7aec41da84dc9dab75a9ec389436f26abf754415d",
   "size": 10615
  },
  "js/datatables/dataTables.scroller.min.js": {
   "sha512": "738492b6c9d6cf074384bdac006bad43127aedf1e6a52f7ce2398d8f0348df39",
   "size": 11271
  },
  "js/datatables/fixedHeader.bootstrap.min.css": {
   "sha512": "537ea44e443bda6cc8f2239a964ebad065d14874e8ebf3d9a0ce66a4f27ffba9",
   "size": 328
  },
  "js/datatables/jquery.dataTables.min.css": {
   "sha512": "ba7137d94c1601ce68360f87b567edcab7cbec721ce0bf3e58704db2aeae74dc",
   "size": 7703
  },
  "js/datatables/jquery.dataTables.min.js": {
   "sha512": "a5151794d57d975a11e3f2498671ac9737edb5591e681512238812af0972429f",
   "size": 82490
  },
  "js/datatables/json/scroller-demo.json": {
   "sha512": "1fad974eb2ea68e603df942cf37714022de13943e5b11e657e37dd2bb6175f78",
   "size": 142087
  },
  "js/datatables/jszip.min.js": {
   "sha512": "e2c89c3d5cd8a324228fe43ef777e571f32321ad9b8272be92af7c06b547af41",
   "size": 80026
  },
  "js/datatables/pdfmake.min.js": {
   "sha512": "79d4c58480a037c145e87ef4b4ac9c6ebd35c5dbbadd4abcdb9f7a7295e819df",
   "size": 419939
  },
  "js/datatables/responsive.bootstrap.min.css": {
   "sha512": "cca8a352a71b5fdd30c88c99a5b7d7560f7d35f424e6c3a9d5e5f7b547bb17e2",
   "size": 3886
  },
  "js/datatables/responsive.bootstrap.min.js": {
   "sha512": "9d1939f49e20e015ead20b3c9a7bef68cbb320d25e5e382537b82ad2f8462b32",
   "size": 1153
  },
  "js/datatables/scroller.bootstrap.min.css": {
   "sha512": "7aa7dd070999d2a8adf7cec5f01e2b45e6fa8feb45828ae3cd9ba24a5751d884",
   "size": 414
  },
  "js/datatables/vfs_fonts.js": {
   "sha512": "f328eaac8ff685f947027346f9acecfbdbd3fa322c515314260b3801fd95ddbb",
   "size": 567638
  },
  "js/flot/curvedLines.js": {
   "sha512": "13790da98dd98459e91f19cb8a09310bd327d6633c35398f8018646d3f447a0d",
   "size": 16821
  },
  "js/flot/date.js": {
   "sha512": "ad89eeb47e3d3f03c8b1d4389112ab4fc89d7f937fb5bd2164f6198e7f90348a",
   "size": 25809
  },
  "js/flot/jquery.flot.js": {
   "sha512": "e4008ffe2065ae96c534ea513194a0d5527d5599afc7c42ab543b71e847e5a98",
   "size": 36653
  },
  "js/flot/jquery.flot.orderBars.js": {
   "sha512": "f2e2f4f01dcf703da3e10acc60e0e8fb2a76ce7e9a1786400a80fecef81dd02f",
   "size": 6919
  },
  "js/flot/jquery.flot.pie.js": {
   "sha512": "bec1f9334452ba8cb399c16e4ba9122aca38e4aa85ec9ba10e9d5a899a07724e",
   "size": 23802
  },
  "js/flot/jquery.flot.resize.js": {
   "sha512": "da4db9b7131e8d7e6c441d5b0cf08ac75002ebba7254f635e69784b5b70a29fd",
   "size": 2433
  },
  "js/flot/jquery.flot.spline.js": {
   "sha512": "944dd22816d3076bf623142990cd806ba6932a57dcbe5a9fc47356ddd1e19c57",
   "size": 6464
  },
  "js/flot/jquery.flot.stack.js": {
   "sha512": "a42fc09ae3958d8489535ad369cfe7ef70315d39c09cc51f2ef3ce354c60e3bc",
   "size": 7090
  },
  "js/flot/jquery.flot.time.min.js": {
   "sha512": "e96f29b9dc6ab2dc3e8722b04c680cc4a7e5600a9be579149e00e5576f33bcac",
   "size": 4343
  },
  "js/flot/jquery.flot.tooltip.min.js": {
   "sha512": "f3bc1745ee607605bd6f0c968ccde3f64d4a3fcfabf3ba6d5d764c4ec822020e",
   "size": 3539
  },
  "js/jquery-2.2.4.js": {
   "sha512": "38ab8bda4a62f337de5dca925e719b2fab4a73d2715a6a69258e263929f512c9",
   "size": 257551
  },
  "js/nicescroll/jquery.nicescroll.min.js": {
   "sha512": "2eafc0e7ebf3ade25a067c4d6ffc6381bdaf42af9db01d7a49f63bac88cd3064",
   "size": 56878
  },
  "js/odometer.js": {
   "sha512": "bf7f6b62654629ab96940fef3e6dec49c6763f6ec2acf2e3259acbe68bd07f5a",
   "size": 21075
  },
  "js/pace/pace.min.js": {
   "sha512": "38308eb206ba526cee6eec184848681f26c71e60cc86bc3f64911ce53939df1a",
   "size": 12363
  },
  "js/shift/hub.balances.js": {
   "sha512": "8ed41c5cd56df8ff12619c484da1fe5154a2e3016835f5856974bb3c3529d96b",
   "size": 24593
  },
  "js/shift/hub.contacts.js": {
   "sha512": "59ea642f2ee17d5734c4dd4f9ac39f4ab3d2a883b4a1b55812c97c3c32b9c096",
   "size": 4067
  },
  "js/shift/hub.js": {
   "sha512": "b3eda005cb1ef48fa2cb9f894e934467a97b16b54fafc366e13fd1428fb870f1",
   "size": 399
  },
  "js/shift/hub.login.js": {
   "sha512": "4ffe7df53107c1ac95050b3adc64522cdf9ca3c0fea27314856684b3d6133f3c",
   "size": 6530
  },
  "js/shift/hub.server.js": {
   "sha512": "ea50207de3921b103bc7fef61f5b8243415bd19213db951af0fd59a4bcce12b5",
   "size": 3551
  },
  "js/zero.js": {
   "sha512": "4631a8357115146636e37a035abb9ec39d736ac52ff40fdc025e31b9c78d1e14",
   "size": 5221
  }
 },
 "ignore": "",
 "inner_path": "content.json",
 "modified": 1467395353.069,
 "phantom_version": "0.1a",
 "sign": [
  44461745265042102644173380691881716247801084773590318322223745704311607407474,
  32316740079908495324822196642519334140503108927967485970476986312297718939029
 ],
 "signers_sign": "G58VJ2bnzfXwQy4c/dPrCC3aV9+Ak86P8utIfwM/1GNSjGAZ22kllesHd1Et+epHHpvauh7/PdRcTiqUlx4cVUk=",
 "signs": {
  "1CQTfYmebR1bP75PCUata417NffWyL6AXf": "HDotWdN3qBLBQolLfWd4sYTmBk3yVFBHBXLIiVCygg83GpKY7hnVdcWr0Hw4nsR4+neYAG4C1AM51T9SQJ/9vtM="
 },
 "signs_required": 1,
 "title": "1CQTfYmebR1bP75PCUata417NffWyL6AXf - Phantom_"
}