{
  "1DGvtFZWpZASsNW9wjB9hkpJpgWibQzDYG": {
    "certs": {}, 
    "master_seed": "8cce771a9c4643e80d52356d14587fba84fad7fa0e4a57acd491986c9dee4cb2", 
    "sites": {
      "1CQTfYmebR1bP75PCUata417NffWyL6AXf": {
        "auth_address": "1MUTo65j6F3ZmNSXPtvhMcChiMNekdUyeu", 
        "auth_privatekey": "5Kh6kvBJdhhgGPkAc1D33VRv6V5gE1viCiGk6n84B9tLrP6weUF"
      }, 
      "1Pz5E5vnZy5jSqLSQhuNyeK9QxpHGrxGKG": {
        "auth_address": "1Nxez68D3fpnvwhXfqBJjNKbVtRdkNviAK", 
        "auth_privatekey": "5JGi7pCc3wQmSoSayFXJdQJWce5BWG2zRk6aNeKmNsTGa4LUigP"
      }
    }
  }
}